course,institution,url,admission req,language req,deadline
Landscape Ecology (LandEcol),University of Hohenheim • Stuttgart,https://www2.daad.de/deutschland/studienangebote/international-programmes/en/detail/4711/,"


","
",
Immunobiology: From Molecules to Integrative Systems,University of Bonn • Bonn,https://www2.daad.de/deutschland/studienangebote/international-programmes/en/detail/6257/,"





","

",
Master of Science in Data Science,Freie Universität Berlin • Berlin,https://www2.daad.de/deutschland/studienangebote/international-programmes/en/detail/7066/,"












",,"
"
MSc Management,FAU Erlangen-Nürnberg • Nürnberg,https://www2.daad.de/deutschland/studienangebote/international-programmes/en/detail/8959/,"



","

",
"Development, Environment, Societies, and History of South Asia",Heidelberg University • Heidelberg,https://www2.daad.de/deutschland/studienangebote/international-programmes/en/detail/5215/,,"


",
MA American Studies / Amerikanistik,Humboldt-Universität zu Berlin • Berlin,https://www2.daad.de/deutschland/studienangebote/international-programmes/en/detail/8602/,,"
","

"
Medical Engineering – Specialisations: Medical Image and Data Processing | Health and Medical Data Analytics & Entrepreneurship | Medical Robotics,FAU Erlangen-Nürnberg • Erlangen,https://www2.daad.de/deutschland/studienangebote/international-programmes/en/detail/4407/,"

","

","
"
Master's in Global History,Freie Universität Berlin • Berlin,https://www2.daad.de/deutschland/studienangebote/international-programmes/en/detail/4422/,,,
EMMaH – European Master of Medical Technology and Healthcare Business (MSc),Hamburg University of Applied Sciences • Hamburg,https://www2.daad.de/deutschland/studienangebote/international-programmes/en/detail/5433/,"

","

","




"
Systems and Automation – Major of Electrical Engineering and Information Technology,RWTH Aachen University • Aachen,https://www2.daad.de/deutschland/studienangebote/international-programmes/en/detail/5227/,"



","

",
European Economics (MSc) – Double Degree,University of Tübingen • Tübingen,https://www2.daad.de/deutschland/studienangebote/international-programmes/en/detail/4184/,"

","







",
Information Technology (MEng),SRH University • Heidelberg,https://www2.daad.de/deutschland/studienangebote/international-programmes/en/detail/4343/,,"
",
Interdisciplinary Studies of the Middle East (ISME),Freie Universität Berlin • Berlin,https://www2.daad.de/deutschland/studienangebote/international-programmes/en/detail/7688/,"




","
",
Air Transport and Logistics,Dresden University of Technology • Dresden,https://www2.daad.de/deutschland/studienangebote/international-programmes/en/detail/8911/,"
",,
Global Health,University of Bonn • Bonn,https://www2.daad.de/deutschland/studienangebote/international-programmes/en/detail/7734/,"
","
",
Population-Based Medicine,University of Tübingen • Tübingen,https://www2.daad.de/deutschland/studienangebote/international-programmes/en/detail/8295/,"




",,
Master of Science Pharmaceutical Sciences / Pharmazeutische Forschung,Freie Universität Berlin • Berlin,https://www2.daad.de/deutschland/studienangebote/international-programmes/en/detail/5299/,"
","
",
Genetics and Biology of Ageing and Regeneration,University of Cologne • Köln,https://www2.daad.de/deutschland/studienangebote/international-programmes/en/detail/9701/,"









","
",
Master of Science in Process Engineering,Hamburg University of Applied Sciences • Hamburg,https://www2.daad.de/deutschland/studienangebote/international-programmes/en/detail/6243/,"



","


","




"
Plant Breeding and Seed Science,University of Hohenheim • Stuttgart,https://www2.daad.de/deutschland/studienangebote/international-programmes/en/detail/8966/,"



","

",
Mathematics (MSc),University of Göttingen • Göttingen,https://www2.daad.de/deutschland/studienangebote/international-programmes/en/detail/3669/,,,"
"
Computer and Geoscience in Archaeology,Hochschule für Technik und Wirtschaft Dresden – University of Applied Sciences • Dresden,https://www2.daad.de/deutschland/studienangebote/international-programmes/en/detail/9645/,,,"
"
Molecular Medicine (Master of Science),University of Tübingen • Tübingen,https://www2.daad.de/deutschland/studienangebote/international-programmes/en/detail/4519/,"
","

",
Applied Computer Science (MSc),SRH University • Heidelberg,https://www2.daad.de/deutschland/studienangebote/international-programmes/en/detail/3981/,"
","
",
Comparative Theological Studies,University of Bonn • Bonn,https://www2.daad.de/deutschland/studienangebote/international-programmes/en/detail/10525/,"
",,
Chinese Studies with an Optional Focus (MA),FAU Erlangen-Nürnberg • Erlangen,https://www2.daad.de/deutschland/studienangebote/international-programmes/en/detail/9803/,,"
",
Master of Science in Economics,Universität Hamburg • Hamburg,https://www2.daad.de/deutschland/studienangebote/international-programmes/en/detail/4076/,"












","
",
Computational Linguistics / Computerlinguistik,University of Tübingen • Tübingen,https://www2.daad.de/deutschland/studienangebote/international-programmes/en/detail/8294/,"
","

","
"
Life Science Informatics (b-it),University of Bonn • Bonn,https://www2.daad.de/deutschland/studienangebote/international-programmes/en/detail/3622/,"
",,
Master of Science in Bioinformatics,Freie Universität Berlin • Berlin,https://www2.daad.de/deutschland/studienangebote/international-programmes/en/detail/4724/,"







",,
Biomedical Engineering,RWTH Aachen University • Aachen,https://www2.daad.de/deutschland/studienangebote/international-programmes/en/detail/8549/,"




















","






","

"
Master of Science in Business Analytics and Data Science,Kühne Logistics University • Hamburg,https://www2.daad.de/deutschland/studienangebote/international-programmes/en/detail/10510/,"




","
","


"
Hospitality Management and Leadership (MA),SRH University • Dresden,https://www2.daad.de/deutschland/studienangebote/international-programmes/en/detail/5563/,,"
","
"
Advanced Quantum Physics (MSc),University of Tübingen • Tübingen,https://www2.daad.de/deutschland/studienangebote/international-programmes/en/detail/7211/,,,
Applied Geosciences – Energy & Mineral Resources (EMR) (MSc),RWTH Aachen University • Aachen,https://www2.daad.de/deutschland/studienangebote/international-programmes/en/detail/4570/,"


",,"
"
Master of Science in Business Administration,Humboldt-Universität zu Berlin • Berlin,https://www2.daad.de/deutschland/studienangebote/international-programmes/en/detail/6100/,"




","
","
"
Mobile Robotics,University of Bonn • Bonn,https://www2.daad.de/deutschland/studienangebote/international-programmes/en/detail/9921/,"




","

","

"
Cognitive Science,Technical University of Darmstadt • Darmstadt,https://www2.daad.de/deutschland/studienangebote/international-programmes/en/detail/7025/,"

",,
"Artificial Intelligence (AI), MSc",FAU Erlangen-Nürnberg • Erlangen,https://www2.daad.de/deutschland/studienangebote/international-programmes/en/detail/7657/,"



",,"
"
Master of Science in Computational Sciences,Freie Universität Berlin • Berlin,https://www2.daad.de/deutschland/studienangebote/international-programmes/en/detail/7055/,"





",,
Dependency and Slavery Studies,University of Bonn • Bonn,https://www2.daad.de/deutschland/studienangebote/international-programmes/en/detail/7732/,"

",,
Nanoscience (MSc),University of Tübingen • Tübingen,https://www2.daad.de/deutschland/studienangebote/international-programmes/en/detail/4613/,,,
Mathematics,University of Bonn • Bonn,https://www2.daad.de/deutschland/studienangebote/international-programmes/en/detail/3972/,"

",,
Joint European Master's in Interdisciplinary Mathematics,Hamburg University of Technology • Hamburg,https://www2.daad.de/deutschland/studienangebote/international-programmes/en/detail/8442/,,,
Clinical Research (MSc),Dresden International University • Dresden,https://www2.daad.de/deutschland/studienangebote/international-programmes/en/detail/10504/,,,
International Studies in Intellectual Property Law and Data Law (LLM),Dresden University of Technology • Dresden,https://www2.daad.de/deutschland/studienangebote/international-programmes/en/detail/3720/,"
","

","

"
Comparative and Middle East Politics and Society (CMEPS),University of Tübingen • Tübingen,https://www2.daad.de/deutschland/studienangebote/international-programmes/en/detail/10436/,"





","
","
"
Photogrammetry and Geoinformatics,Hochschule für Technik Stuttgart - University of Applied Sciences • Stuttgart,https://www2.daad.de/deutschland/studienangebote/international-programmes/en/detail/6963/,,,"

"
"Agricultural, Food and Environmental Policy Analysis (AFEPA)",University of Bonn • Bonn,https://www2.daad.de/deutschland/studienangebote/international-programmes/en/detail/8310/,"
",,
Global East Asia (MAGEA),Freie Universität Berlin • Berlin,https://www2.daad.de/deutschland/studienangebote/international-programmes/en/detail/8591/,"


","
",
Master of Business Administration (MBA),Hochschule Fresenius - University of Applied Sciences • Hamburg,https://www2.daad.de/deutschland/studienangebote/international-programmes/en/detail/9661/,"
","
",
Master of Science in International Business and Economics (IBE),University of Hohenheim • Stuttgart,https://www2.daad.de/deutschland/studienangebote/international-programmes/en/detail/4430/,"
",,
Biochemistry (MSc),University of Tübingen • Tübingen,https://www2.daad.de/deutschland/studienangebote/international-programmes/en/detail/4503/,,,
Applied Geosciences – Field-Based Geosciences (FBG) (MSc),RWTH Aachen University • Aachen,https://www2.daad.de/deutschland/studienangebote/international-programmes/en/detail/10390/,"


",,"
"
Organismic and Molecular Biodiversity,Dresden University of Technology • Görlitz,https://www2.daad.de/deutschland/studienangebote/international-programmes/en/detail/4801/,,,
Hydro Science and Engineering (HSE),Dresden University of Technology • Dresden,https://www2.daad.de/deutschland/studienangebote/international-programmes/en/detail/3816/,,"

","




"
Master of Biochemistry and Molecular Medicine,University of Cologne • Köln,https://www2.daad.de/deutschland/studienangebote/international-programmes/en/detail/4826/,,"
",
Double Master's Programme in European Studies – Master of Arts,University of Cologne • Köln,https://www2.daad.de/deutschland/studienangebote/international-programmes/en/detail/4376/,"
","
","
"
Computer Science,University of Stuttgart • Stuttgart,https://www2.daad.de/deutschland/studienangebote/international-programmes/en/detail/4439/,"
","
",
Development Economics (MSc),University of Göttingen • Göttingen,https://www2.daad.de/deutschland/studienangebote/international-programmes/en/detail/4204/,,"

","
"
Economics – Master of Science,University of Cologne • Köln,https://www2.daad.de/deutschland/studienangebote/international-programmes/en/detail/5441/,"




",,
North American Studies (NAS),University of Bonn • Bonn,https://www2.daad.de/deutschland/studienangebote/international-programmes/en/detail/7745/,"


",,
Physics (MSc),Dresden University of Technology • Dresden,https://www2.daad.de/deutschland/studienangebote/international-programmes/en/detail/8318/,"
","
","






"
Communication and Journalism Research for a Sustainable Society,Universität Hamburg • Hamburg,https://www2.daad.de/deutschland/studienangebote/international-programmes/en/detail/10434/,"
","

",
MSc Integrated Immunology (iImmune),FAU Erlangen-Nürnberg • Erlangen,https://www2.daad.de/deutschland/studienangebote/international-programmes/en/detail/5223/,"

","
","
"
Humboldt Master of Laws,Humboldt-Universität zu Berlin • Berlin,https://www2.daad.de/deutschland/studienangebote/international-programmes/en/detail/10466/,,"


",
Software Technology,Hochschule für Technik Stuttgart - University of Applied Sciences • Stuttgart,https://www2.daad.de/deutschland/studienangebote/international-programmes/en/detail/9001/,"
","
",
Medical Immunosciences and Infection (Immunology & Infectiology),University of Bonn • Bonn,https://www2.daad.de/deutschland/studienangebote/international-programmes/en/detail/4776/,"


",,"
"
Applied Data Science (MSc),University of Göttingen • Göttingen,https://www2.daad.de/deutschland/studienangebote/international-programmes/en/detail/7641/,"


","
",
Computer-Aided Conception and Production in Mechanical Engineering (CAME),RWTH Aachen University • Aachen,https://www2.daad.de/deutschland/studienangebote/international-programmes/en/detail/4157/,"
","



","

"
Master's in Public Policy and Social Change,University of Tübingen • Tübingen,https://www2.daad.de/deutschland/studienangebote/international-programmes/en/detail/6942/,,"

",
"MSc Management and Engineering in Technology, Innovation, Marketing and Entrepreneurship (MME TIME)",RWTH Aachen University • Aachen,https://www2.daad.de/deutschland/studienangebote/international-programmes/en/detail/4757/,"


","

","
"
Biochemistry,University of Bonn • Bonn,https://www2.daad.de/deutschland/studienangebote/international-programmes/en/detail/6260/,"




","

",
Master of Laws (LLM) in European and Transnational Intellectual Property and Information Technology Law – LIPIT,University of Göttingen • Göttingen,https://www2.daad.de/deutschland/studienangebote/international-programmes/en/detail/4763/,"


",,
MSc Molecular Science,FAU Erlangen-Nürnberg • Erlangen,https://www2.daad.de/deutschland/studienangebote/international-programmes/en/detail/4404/,,,
Chemical Sciences,University of Stuttgart • Stuttgart,https://www2.daad.de/deutschland/studienangebote/international-programmes/en/detail/10513/,,,
MSc Advanced Materials and Processes (MAP),FAU Erlangen-Nürnberg • Erlangen,https://www2.daad.de/deutschland/studienangebote/international-programmes/en/detail/3762/,"


","
","
"
MSc Materials Science and Engineering,FAU Erlangen-Nürnberg • Erlangen,https://www2.daad.de/deutschland/studienangebote/international-programmes/en/detail/8297/,"




","


",
"English: Language, Literatures and Cultures",University of Göttingen • Göttingen,https://www2.daad.de/deutschland/studienangebote/international-programmes/en/detail/4334/,,"

",
Electrical Engineering and Information Technology — International Master of Science,Darmstadt University of Applied Sciences • Darmstadt,https://www2.daad.de/deutschland/studienangebote/international-programmes/en/detail/3980/,"
","
",
Advisory and Innovation Services in Agri-Food Systems,University of Hohenheim • Stuttgart,https://www2.daad.de/deutschland/studienangebote/international-programmes/en/detail/8972/,"



","
",
European Master's in Law & Economics (EMLE),Universität Hamburg • Hamburg,https://www2.daad.de/deutschland/studienangebote/international-programmes/en/detail/3640/,"
","
","

"
Master of Science in Physics,Technical University of Darmstadt • Darmstadt,https://www2.daad.de/deutschland/studienangebote/international-programmes/en/detail/8400/,"


","

","


"
MA Sinology: Conceptual and Intellectual History,Universität Hamburg • Hamburg,https://www2.daad.de/deutschland/studienangebote/international-programmes/en/detail/10516/,"
",,
Agricultural Sciences in the Tropics and Subtropics (AgriTropics),University of Hohenheim • Stuttgart,https://www2.daad.de/deutschland/studienangebote/international-programmes/en/detail/3788/,"


","
",
Astro and Particle Physics (MSc),University of Tübingen • Tübingen,https://www2.daad.de/deutschland/studienangebote/international-programmes/en/detail/4748/,,,
International Master's in Geosciences: Palaeobiology,FAU Erlangen-Nürnberg • Erlangen,https://www2.daad.de/deutschland/studienangebote/international-programmes/en/detail/5211/,"

",,"
"
Applied & Environmental Geoscience (AEG),University of Tübingen • Tübingen,https://www2.daad.de/deutschland/studienangebote/international-programmes/en/detail/3791/,"
",,
Master of Science in Translational Medical Research,Heidelberg University • Mannheim,https://www2.daad.de/deutschland/studienangebote/international-programmes/en/detail/4136/,,"


",
"Master of Science Biodiversity, Evolution, Ecology",Freie Universität Berlin • Berlin,https://www2.daad.de/deutschland/studienangebote/international-programmes/en/detail/4013/,,"
",
"Computational Engineering (CE), MSc",FAU Erlangen-Nürnberg • Erlangen,https://www2.daad.de/deutschland/studienangebote/international-programmes/en/detail/3727/,"




",,"
"
Computational Sciences,University of Cologne • Köln,https://www2.daad.de/deutschland/studienangebote/international-programmes/en/detail/8352/,"
",,
Master of Science in Economics with Data Science,University of Hohenheim • Stuttgart,https://www2.daad.de/deutschland/studienangebote/international-programmes/en/detail/4434/,"
","
",
MSc Advanced Optical Technologies (MAOT),FAU Erlangen-Nürnberg • Erlangen,https://www2.daad.de/deutschland/studienangebote/international-programmes/en/detail/4046/,,,"
"
Master of Laws (LLM) in International Law – GOMIL,University of Göttingen • Göttingen,https://www2.daad.de/deutschland/studienangebote/international-programmes/en/detail/9264/,"


",,
Biotechnology,University of Hohenheim • Stuttgart,https://www2.daad.de/deutschland/studienangebote/international-programmes/en/detail/4454/,"

","

",
Bioinformatics (MSc),University of Tübingen • Tübingen,https://www2.daad.de/deutschland/studienangebote/international-programmes/en/detail/6119/,,,"
"
Smart Production Engineering (SPE),RWTH Aachen University • Aachen,https://www2.daad.de/deutschland/studienangebote/international-programmes/en/detail/3813/,"
","



","

"
MSc Materials Engineering (International Profile),RWTH Aachen University • Aachen,https://www2.daad.de/deutschland/studienangebote/international-programmes/en/detail/8271/,"

",,"
"
Master of Science in Microsystems Engineering,University of Freiburg • Freiburg im Breisgau,https://www2.daad.de/deutschland/studienangebote/international-programmes/en/detail/3914/,"


","
",
Master of Arts: Sociology – European Societies,Freie Universität Berlin • Berlin,https://www2.daad.de/deutschland/studienangebote/international-programmes/en/detail/4081/,"
","

","
"
Atmospheric Science,Universität Hamburg • Hamburg,https://www2.daad.de/deutschland/studienangebote/international-programmes/en/detail/9577/,,"
",
English Literatures and Cultures,University of Bonn • Bonn,https://www2.daad.de/deutschland/studienangebote/international-programmes/en/detail/9669/,,,
Master of Science in Periodontology,RWTH Aachen University • Aachen,https://www2.daad.de/deutschland/studienangebote/international-programmes/en/detail/7156/,,"
",
Environmental Protection and Agricultural Food Production (EnviroFood),University of Hohenheim • Stuttgart,https://www2.daad.de/deutschland/studienangebote/international-programmes/en/detail/9111/,"


","
",
Environmental Governance (MEG),University of Freiburg • Freiburg im Breisgau,https://www2.daad.de/deutschland/studienangebote/international-programmes/en/detail/3734/,"


","

","
"
Master's Food Systems,University of Hohenheim • Stuttgart,https://www2.daad.de/deutschland/studienangebote/international-programmes/en/detail/6294/,"


","



",
MSc Renewable Energy Systems,Hamburg University of Applied Sciences • Hamburg,https://www2.daad.de/deutschland/studienangebote/international-programmes/en/detail/4059/,"



","

","




"
Modern China Studies,University of Freiburg • Freiburg im Breisgau,https://www2.daad.de/deutschland/studienangebote/international-programmes/en/detail/8451/,"
","
",
Management and Engineering in Computer-Aided Mechanical Engineering (MME-CAME),RWTH Aachen University • Aachen,https://www2.daad.de/deutschland/studienangebote/international-programmes/en/detail/4598/,"
","



","

"
European Studies and European Legal Studies (MA/LLM),Universität Hamburg • Hamburg,https://www2.daad.de/deutschland/studienangebote/international-programmes/en/detail/6263/,"
","
",
Max Planck School Matter to Life – Master's to PhD Direct Track Programme,Heidelberg University • Heidelberg,https://www2.daad.de/deutschland/studienangebote/international-programmes/en/detail/7037/,"

","

",
Master of Arts in North American Studies (NAS),University of Cologne • Köln,https://www2.daad.de/deutschland/studienangebote/international-programmes/en/detail/9573/,,,
"MSc Innovation, Business and Sustainability (MIBAS)",Universität Hamburg • Hamburg,https://www2.daad.de/deutschland/studienangebote/international-programmes/en/detail/3745/,"


","


","
"
Economics (MSE),FAU Erlangen-Nürnberg • Nürnberg,https://www2.daad.de/deutschland/studienangebote/international-programmes/en/detail/8931/,,"
",
International Business – Sustainability Management (MA),SRH University • Hamburg,https://www2.daad.de/deutschland/studienangebote/international-programmes/en/detail/7087/,,"
","
"
"Quantitative Data Science Methods – Psychometrics, Econometrics and Machine Learning (QDS)",University of Tübingen • Tübingen,https://www2.daad.de/deutschland/studienangebote/international-programmes/en/detail/6535/,"

","
",
MA Animation and Game,Darmstadt University of Applied Sciences • Dieburg,https://www2.daad.de/deutschland/studienangebote/international-programmes/en/detail/6274/,"





",,"
"
MA British Studies,Humboldt-Universität zu Berlin • Berlin,https://www2.daad.de/deutschland/studienangebote/international-programmes/en/detail/3703/,"
","

",
Master's in Business Analytics & Econometrics – Master of Science,University of Cologne • Köln,https://www2.daad.de/deutschland/studienangebote/international-programmes/en/detail/8423/,"



",,
Manuscript Cultures,Universität Hamburg • Hamburg,https://www2.daad.de/deutschland/studienangebote/international-programmes/en/detail/6934/,"

","

",
MSc Computational and Applied Mathematics (CAM),FAU Erlangen-Nürnberg • Erlangen,https://www2.daad.de/deutschland/studienangebote/international-programmes/en/detail/4789/,,"


","
"
International Master's Programme in Infrastructure Planning – MIP,University of Stuttgart • Stuttgart,https://www2.daad.de/deutschland/studienangebote/international-programmes/en/detail/3786/,"

","


","
"
MSc Physics,RWTH Aachen University • Aachen,https://www2.daad.de/deutschland/studienangebote/international-programmes/en/detail/4516/,"
",,"

"
Plant Nutrition and Protection,University of Hohenheim • Stuttgart,https://www2.daad.de/deutschland/studienangebote/international-programmes/en/detail/4566/,"



","
",
Master of Arts in Human Rights,FAU Erlangen-Nürnberg • Nürnberg,https://www2.daad.de/deutschland/studienangebote/international-programmes/en/detail/4588/,"
",,"
"
Sustainable Management – Water and Energy,RWTH Aachen University • Aachen,https://www2.daad.de/deutschland/studienangebote/international-programmes/en/detail/5229/,"






","

","
"
Smart City Solutions,Hochschule für Technik Stuttgart - University of Applied Sciences • Stuttgart,https://www2.daad.de/deutschland/studienangebote/international-programmes/en/detail/7229/,"





","



",
American Studies (MA),University of Tübingen • Tübingen,https://www2.daad.de/deutschland/studienangebote/international-programmes/en/detail/5332/,"
","
","


"
Master of Science in Embedded Systems Engineering,University of Freiburg • Freiburg im Breisgau,https://www2.daad.de/deutschland/studienangebote/international-programmes/en/detail/4360/,"


","
",
Political Science – Master of Science,University of Cologne • Köln,https://www2.daad.de/deutschland/studienangebote/international-programmes/en/detail/5450/,"

","
",
International Project Management,Hochschule für Technik Stuttgart - University of Applied Sciences • Stuttgart,https://www2.daad.de/deutschland/studienangebote/international-programmes/en/detail/9597/,"






","



","


"
Neurobiology (MSc),University of Tübingen • Tübingen,https://www2.daad.de/deutschland/studienangebote/international-programmes/en/detail/4815/,,,
Transformation Management for Sustainable Agri-Food Systems (Transformation),University of Hohenheim • Stuttgart,https://www2.daad.de/deutschland/studienangebote/international-programmes/en/detail/3787/,"


","
",
Master of Science in Biology,Freie Universität Berlin • Berlin,https://www2.daad.de/deutschland/studienangebote/international-programmes/en/detail/5298/,"

","
",
Neurosciences,University of Bonn • Bonn,https://www2.daad.de/deutschland/studienangebote/international-programmes/en/detail/4060/,"

","
",
International Management,Dresden University of Technology • Zittau,https://www2.daad.de/deutschland/studienangebote/international-programmes/en/detail/8917/,,,"

"
"Developmental, Neural, and Behavioural Biology (MSc)",University of Göttingen • Göttingen,https://www2.daad.de/deutschland/studienangebote/international-programmes/en/detail/4070/,,"







",
Mathematics in Business and Economics,Dresden University of Technology • Dresden,https://www2.daad.de/deutschland/studienangebote/international-programmes/en/detail/8914/,,,"
"
Iranian Studies: Iran in Antiquity and Late Antiquity,Freie Universität Berlin • Berlin,https://www2.daad.de/deutschland/studienangebote/international-programmes/en/detail/9065/,"

",,
Biblical Studies,University of Bonn • Bonn,https://www2.daad.de/deutschland/studienangebote/international-programmes/en/detail/8286/,,,"
"
Bonn-Cologne Graduate School of Physics and Astronomy: MSc in Physics,University of Bonn • Bonn,https://www2.daad.de/deutschland/studienangebote/international-programmes/en/detail/3842/,,,"
"
MSc Global Change Geography – The Physical Geography of Human-Environment Systems,Humboldt-Universität zu Berlin • Berlin,https://www2.daad.de/deutschland/studienangebote/international-programmes/en/detail/4714/,"

","


",
"Master of Science in Geodesy and Geoinformatics, Specialisation Hydrography",HafenCity University Hamburg • Hamburg,https://www2.daad.de/deutschland/studienangebote/international-programmes/en/detail/4254/,,"









","

"
Transportation Economics,Dresden University of Technology • Dresden,https://www2.daad.de/deutschland/studienangebote/international-programmes/en/detail/7637/,"

",,
Biomedical Sciences (MSc),Hochschule Bonn-Rhein-Sieg • Rheinbach,https://www2.daad.de/deutschland/studienangebote/international-programmes/en/detail/3778/,"


","

","
"
Public and International Economics,Dresden University of Technology • Dresden,https://www2.daad.de/deutschland/studienangebote/international-programmes/en/detail/8915/,"
",,
Battery Systems Engineering (BSE),RWTH Aachen University • Aachen,https://www2.daad.de/deutschland/studienangebote/international-programmes/en/detail/9599/,,"



","

"
Environmental Sciences,University of Freiburg • Freiburg im Breisgau,https://www2.daad.de/deutschland/studienangebote/international-programmes/en/detail/4337/,,"
",
Master of Science in Global Logistics and Supply Chain Management,Kühne Logistics University • Hamburg,https://www2.daad.de/deutschland/studienangebote/international-programmes/en/detail/4246/,"




","
","


"
Medical Informatics (MSc),University of Tübingen • Tübingen,https://www2.daad.de/deutschland/studienangebote/international-programmes/en/detail/6104/,,,"
"
Drug Regulatory Affairs,University of Bonn • Bonn,https://www2.daad.de/deutschland/studienangebote/international-programmes/en/detail/10337/,"
",,
Sociology and Social Research – Master of Science,University of Cologne • Köln,https://www2.daad.de/deutschland/studienangebote/international-programmes/en/detail/5451/,"
",,
Electrical Engineering,University of Stuttgart • Stuttgart,https://www2.daad.de/deutschland/studienangebote/international-programmes/en/detail/6926/,"
","
","
"
Integrative Technologies & Architectural Design Research (ITECH),University of Stuttgart • Stuttgart,https://www2.daad.de/deutschland/studienangebote/international-programmes/en/detail/4440/,"


","
",
Crop Protection (MSc),University of Göttingen • Göttingen,https://www2.daad.de/deutschland/studienangebote/international-programmes/en/detail/4149/,"
","
",
MSc Nanotechnology,FAU Erlangen-Nürnberg • Erlangen,https://www2.daad.de/deutschland/studienangebote/international-programmes/en/detail/8298/,"




","


","
"
Joint Master's in Global Technology and Innovation Management & Entrepreneurship (G-TIME),Hamburg University of Technology • Hamburg,https://www2.daad.de/deutschland/studienangebote/international-programmes/en/detail/5317/,,,
Electrical Power Engineering – Major of Electrical Engineering and Information Technology,RWTH Aachen University • Aachen,https://www2.daad.de/deutschland/studienangebote/international-programmes/en/detail/3699/,"



","

",
Master of Science in Economics,Humboldt-Universität zu Berlin • Berlin,https://www2.daad.de/deutschland/studienangebote/international-programmes/en/detail/6323/,"




","

","
"
Marketing (MSc),Hochschule Bonn-Rhein-Sieg • Sankt Augustin,https://www2.daad.de/deutschland/studienangebote/international-programmes/en/detail/4732/,"
",,"
"
Biology in Society,Dresden University of Technology • Dresden,https://www2.daad.de/deutschland/studienangebote/international-programmes/en/detail/7765/,,,
Applied Data Science and Analytics (MSc),SRH University • Heidelberg,https://www2.daad.de/deutschland/studienangebote/international-programmes/en/detail/4886/,,"
",
Economics,University of Bonn • Bonn,https://www2.daad.de/deutschland/studienangebote/international-programmes/en/detail/4034/,,"

",
MSc Geomatics for Environmental Monitoring,University of Stuttgart • Stuttgart,https://www2.daad.de/deutschland/studienangebote/international-programmes/en/detail/10349/,,"
",
Organic and Molecular Electronics (OME),Dresden University of Technology • Dresden,https://www2.daad.de/deutschland/studienangebote/international-programmes/en/detail/4388/,,,
International Management (CEMS MIM) – Master of Science,University of Cologne • Köln,https://www2.daad.de/deutschland/studienangebote/international-programmes/en/detail/4182/,"
",,
MSc Autonomy Technologies,FAU Erlangen-Nürnberg • Erlangen,https://www2.daad.de/deutschland/studienangebote/international-programmes/en/detail/8925/,"
","

",
"Master of European and International Law (MEIL, LLM)",Universität Hamburg • Hamburg,https://www2.daad.de/deutschland/studienangebote/international-programmes/en/detail/4578/,,,
Communications and Multimedia Engineering (CME),FAU Erlangen-Nürnberg • Erlangen,https://www2.daad.de/deutschland/studienangebote/international-programmes/en/detail/4261/,"







","


","
"
Food Science and Technology,University of Hohenheim • Stuttgart,https://www2.daad.de/deutschland/studienangebote/international-programmes/en/detail/4456/,"

","

",
Supply Chain Management (MSc),SRH University • Hamburg,https://www2.daad.de/deutschland/studienangebote/international-programmes/en/detail/7146/,,"
","
"
Master of Science (MSc) in International Business Studies (MIBS),FAU Erlangen-Nürnberg • Nürnberg,https://www2.daad.de/deutschland/studienangebote/international-programmes/en/detail/4166/,"



","

",
Marine Ecosystem and Fisheries Sciences,Universität Hamburg • Hamburg,https://www2.daad.de/deutschland/studienangebote/international-programmes/en/detail/9054/,"



","







",
Master of Public Administration in European Studies (MPA-ES),RWTH Aachen University • Aachen,https://www2.daad.de/deutschland/studienangebote/international-programmes/en/detail/5624/,"
","



","

"
Robotic Systems Engineering (RoboSys),RWTH Aachen University • Aachen,https://www2.daad.de/deutschland/studienangebote/international-programmes/en/detail/4819/,"
","



","

"
Master of Science in Automotive Engineering,RWTH Aachen University • Aachen,https://www2.daad.de/deutschland/studienangebote/international-programmes/en/detail/4599/,"









","


","


"
MSc Data Analytics and Decision Science (DDS),RWTH Aachen University • Aachen,https://www2.daad.de/deutschland/studienangebote/international-programmes/en/detail/4874/,"

","

","
"
Biomedical Systems Engineering – Major of Electrical Engineering and Information Technology,RWTH Aachen University • Aachen,https://www2.daad.de/deutschland/studienangebote/international-programmes/en/detail/5228/,"



","

",
Computer Science,Dresden University of Technology • Dresden,https://www2.daad.de/deutschland/studienangebote/international-programmes/en/detail/10354/,"

","
","


"
Microelectronic Systems,Hamburg University of Applied Sciences • Hamburg,https://www2.daad.de/deutschland/studienangebote/international-programmes/en/detail/10418/,"




",,"




"
Software Systems Engineering,RWTH Aachen University • Aachen,https://www2.daad.de/deutschland/studienangebote/international-programmes/en/detail/3696/,"

",,"

"
Linguistics (MA),University of Göttingen • Göttingen,https://www2.daad.de/deutschland/studienangebote/international-programmes/en/detail/7643/,,,
Ecosystem Services,Dresden University of Technology • Zittau,https://www2.daad.de/deutschland/studienangebote/international-programmes/en/detail/4802/,,,
Modern Indian Studies,University of Göttingen • Göttingen,https://www2.daad.de/deutschland/studienangebote/international-programmes/en/detail/4150/,"


","

","
"
Technomathematics,Dresden University of Technology • Dresden,https://www2.daad.de/deutschland/studienangebote/international-programmes/en/detail/8913/,,,"
"
Environmental Engineering,Hamburg University of Technology • Hamburg,https://www2.daad.de/deutschland/studienangebote/international-programmes/en/detail/3809/,,,
Master of Science in Geophysics,Universität Hamburg • Hamburg,https://www2.daad.de/deutschland/studienangebote/international-programmes/en/detail/8347/,"
","
",
Materials Science and Engineering,Hamburg University of Technology • Hamburg,https://www2.daad.de/deutschland/studienangebote/international-programmes/en/detail/10462/,,,
Water Resources Engineering and Management (WAREM),University of Stuttgart • Stuttgart,https://www2.daad.de/deutschland/studienangebote/international-programmes/en/detail/3678/,"





","
",
Non-Destructive Testing (MSc),Dresden International University • Dresden,https://www2.daad.de/deutschland/studienangebote/international-programmes/en/detail/4743/,,,
Management and Economics (MSc),University of Tübingen • Tübingen,https://www2.daad.de/deutschland/studienangebote/international-programmes/en/detail/4482/,"


","

",
Computational Mechanics of Materials and Structures (COMMAS),University of Stuttgart • Stuttgart,https://www2.daad.de/deutschland/studienangebote/international-programmes/en/detail/3785/,,"
",
Chemical and Bioprocess Engineering,Hamburg University of Technology • Hamburg,https://www2.daad.de/deutschland/studienangebote/international-programmes/en/detail/4108/,,,
Integrated Urbanism and Sustainable Design (IUSD),University of Stuttgart • Stuttgart,https://www2.daad.de/deutschland/studienangebote/international-programmes/en/detail/4499/,,,"
"
Earth and Climate System Science,University of Hohenheim • Stuttgart,https://www2.daad.de/deutschland/studienangebote/international-programmes/en/detail/4460/,"

","
",
"Air Quality Control, Solid Waste and Waste Water Process Engineering (MSc WASTE)",University of Stuttgart • Stuttgart,https://www2.daad.de/deutschland/studienangebote/international-programmes/en/detail/3676/,"


",,"


"
Strategy and International Security (MSIS),University of Bonn • Bonn,https://www2.daad.de/deutschland/studienangebote/international-programmes/en/detail/9112/,,,
MSc Battery Science and Technology in Engineering,RWTH Aachen University • Aachen,https://www2.daad.de/deutschland/studienangebote/international-programmes/en/detail/10395/,"


",,
Max Planck School Matter to Life – Master's to PhD Direct Track Programme,University of Göttingen • Göttingen,https://www2.daad.de/deutschland/studienangebote/international-programmes/en/detail/6280/,"

","

",
History and Societies of the Islamic World,Freie Universität Berlin • Berlin,https://www2.daad.de/deutschland/studienangebote/international-programmes/en/detail/10471/,"
","

",
"Master of Science in Politics, Economics and Philosophy",Universität Hamburg • Hamburg,https://www2.daad.de/deutschland/studienangebote/international-programmes/en/detail/4079/,"






","
",
Master of Science in Mathematics,Technical University of Darmstadt • Darmstadt,https://www2.daad.de/deutschland/studienangebote/international-programmes/en/detail/5388/,"


",,"
"
Molecular Biosciences and Productive Biosystems (MBioPro),Dresden University of Technology • Dresden,https://www2.daad.de/deutschland/studienangebote/international-programmes/en/detail/7638/,"



","
",
Computational Neuroscience,University of Tübingen • Tübingen,https://www2.daad.de/deutschland/studienangebote/international-programmes/en/detail/4195/,,,
History of Global Markets (MA),University of Göttingen • Göttingen,https://www2.daad.de/deutschland/studienangebote/international-programmes/en/detail/6147/,"
","
","

"
Double Master's Programme in Business Administration – Master of Science,University of Cologne • Köln,https://www2.daad.de/deutschland/studienangebote/international-programmes/en/detail/4268/,"
","
","
"
Master of Science in Applied Health Informatics and Digital Medicine,RWTH Aachen University • Aachen,https://www2.daad.de/deutschland/studienangebote/international-programmes/en/detail/9198/,,"


",
International Master's Programme in Advanced Computational and Civil Engineering Structural Studies (ACCESS),Dresden University of Technology • Dresden,https://www2.daad.de/deutschland/studienangebote/international-programmes/en/detail/4132/,,,
Global Business and Leadership (MA),SRH University • Heidelberg,https://www2.daad.de/deutschland/studienangebote/international-programmes/en/detail/5615/,,"
",
MA Development Economics and International Studies (DEIS),FAU Erlangen-Nürnberg • Erlangen,https://www2.daad.de/deutschland/studienangebote/international-programmes/en/detail/4265/,"

","
",
Water Security and Global Change,Dresden University of Technology • Dresden,https://www2.daad.de/deutschland/studienangebote/international-programmes/en/detail/9726/,"
","
",
"Business Administration (Master of Science) – Major: Accounting & Taxation, Corporate Development, Finance, Marketing or Supply Chain Management",University of Cologne • Köln,https://www2.daad.de/deutschland/studienangebote/international-programmes/en/detail/5435/,"


",,
Information Technology – INFOTECH,University of Stuttgart • Stuttgart,https://www2.daad.de/deutschland/studienangebote/international-programmes/en/detail/3677/,"

","
",
GET MA – Global and European Transformations (German-Turkish Master's Programme in Social Sciences),Humboldt-Universität zu Berlin • Berlin,https://www2.daad.de/deutschland/studienangebote/international-programmes/en/detail/3915/,,,
Molecular Plant Science,Universität Hamburg • Hamburg,https://www2.daad.de/deutschland/studienangebote/international-programmes/en/detail/9052/,"



","
",
Dance Movement Therapy (MA),SRH University • Heidelberg,https://www2.daad.de/deutschland/studienangebote/international-programmes/en/detail/4787/,,"
",
Agricultural and Food Economics (AFECO),University of Bonn • Bonn,https://www2.daad.de/deutschland/studienangebote/international-programmes/en/detail/7602/,"
",,"

"
Transatlantic Master's Programme in Social Sciences (TAM),Humboldt-Universität zu Berlin • Berlin,https://www2.daad.de/deutschland/studienangebote/international-programmes/en/detail/4129/,,"

",
Cardiovascular Science (MSc),University of Göttingen • Göttingen,https://www2.daad.de/deutschland/studienangebote/international-programmes/en/detail/4563/,,"
",
Economic Research – Master of Science,University of Cologne • Köln,https://www2.daad.de/deutschland/studienangebote/international-programmes/en/detail/6359/,"




","
",
MSc Economic Systems,Freie Universität Berlin • Berlin,https://www2.daad.de/deutschland/studienangebote/international-programmes/en/detail/9657/,,,
Nanoelectronic Systems,Dresden University of Technology • Dresden,https://www2.daad.de/deutschland/studienangebote/international-programmes/en/detail/4257/,"
",,"


"
Expanded Media,Darmstadt University of Applied Sciences • Dieburg,https://www2.daad.de/deutschland/studienangebote/international-programmes/en/detail/4677/,"


","
",
European Mining Course (EMC),RWTH Aachen University • Aachen,https://www2.daad.de/deutschland/studienangebote/international-programmes/en/detail/8481/,"

","



",
"Erasmus Mundus Joint Master's Degree Programme Euroculture: European Politics, Culture, and Society in a Global Context",University of Göttingen • Göttingen,https://www2.daad.de/deutschland/studienangebote/international-programmes/en/detail/3707/,"


","

","

"
Computer Engineering,RWTH Aachen University • Aachen,https://www2.daad.de/deutschland/studienangebote/international-programmes/en/detail/5226/,"



","

",
Organic Agriculture and Food Systems (EUR-Organic),University of Hohenheim • Stuttgart,https://www2.daad.de/deutschland/studienangebote/international-programmes/en/detail/4567/,"


","
",
Architecture – Design for the Built Environment (MA),SRH University • Heidelberg,https://www2.daad.de/deutschland/studienangebote/international-programmes/en/detail/7730/,"

","
",
Master of Arts in Archaeology of the Ancient World (MAAW),Freie Universität Berlin • Berlin,https://www2.daad.de/deutschland/studienangebote/international-programmes/en/detail/7961/,,,"
"
International Business and Leadership (MA),SRH University • Dresden,https://www2.daad.de/deutschland/studienangebote/international-programmes/en/detail/4882/,,"
",
Computational Modelling and Simulation,Dresden University of Technology • Dresden,https://www2.daad.de/deutschland/studienangebote/international-programmes/en/detail/5202/,"


",,"
"
MSc in Human-Centred Intelligent Systems (HCIS),RWTH Aachen University • Bonn,https://www2.daad.de/deutschland/studienangebote/international-programmes/en/detail/3728/,"






",,
Integrated Natural Resource Management (INRM),Humboldt-Universität zu Berlin • Berlin,https://www2.daad.de/deutschland/studienangebote/international-programmes/en/detail/4514/,"
",,
Chemistry (MSc),University of Göttingen • Göttingen,https://www2.daad.de/deutschland/studienangebote/international-programmes/en/detail/7057/,"
","
",
"Research in Design, Art and Media (Master of Arts)",Merz Akademie • Stuttgart,https://www2.daad.de/deutschland/studienangebote/international-programmes/en/detail/9236/,"



",,
Cellular & Molecular Neuroscience,University of Tübingen • Tübingen,https://www2.daad.de/deutschland/studienangebote/international-programmes/en/detail/3916/,,,
Biomedical Engineering (MSc),Hamburg University of Applied Sciences • Hamburg,https://www2.daad.de/deutschland/studienangebote/international-programmes/en/detail/4025/,"

","

","




"
Physics (MSc),University of Tübingen • Tübingen,https://www2.daad.de/deutschland/studienangebote/international-programmes/en/detail/4817/,"
","

",
MSc in Business Administration,Universität Hamburg • Hamburg,https://www2.daad.de/deutschland/studienangebote/international-programmes/en/detail/9755/,"




","

",
"MSc Integrated Life Sciences - Biology, Biomathematics, Biophysics",FAU Erlangen-Nürnberg • Erlangen,https://www2.daad.de/deutschland/studienangebote/international-programmes/en/detail/4569/,"







",,"
"
Master of Arts in Digital and Computational Archaeology,University of Cologne • Köln,https://www2.daad.de/deutschland/studienangebote/international-programmes/en/detail/8335/,,"
","
"
"MSc Sustainability Management: Technology, Analytics & Transformation (SMA)",RWTH Aachen University • Aachen,https://www2.daad.de/deutschland/studienangebote/international-programmes/en/detail/9153/,"



","

","
"
Plant Sciences,University of Bonn • Bonn,https://www2.daad.de/deutschland/studienangebote/international-programmes/en/detail/4721/,,"
",
Master's in Sociology – Social and Economic Psychology (Master of Science),University of Cologne • Köln,https://www2.daad.de/deutschland/studienangebote/international-programmes/en/detail/7680/,"

",,
Euromasters – MA Contemporary European Studies,Humboldt-Universität zu Berlin • Berlin,https://www2.daad.de/deutschland/studienangebote/international-programmes/en/detail/3943/,,"

",
Water Technology (MEng),SRH University • Heidelberg,https://www2.daad.de/deutschland/studienangebote/international-programmes/en/detail/5614/,"

","
",
Artificial Intelligence and Data Science for Digital Business Management – Freiburg Campus,Furtwangen University • Freiburg im Breisgau,https://www2.daad.de/deutschland/studienangebote/international-programmes/en/detail/9890/,"



","
",
Slavery Studies,University of Bonn • Bonn,https://www2.daad.de/deutschland/studienangebote/international-programmes/en/detail/7779/,"

",,
Intercultural Theology (MA),University of Göttingen • Göttingen,https://www2.daad.de/deutschland/studienangebote/international-programmes/en/detail/4056/,"


","

","
"
British and American Cultures: Texts and Media,Universität Hamburg • Hamburg,https://www2.daad.de/deutschland/studienangebote/international-programmes/en/detail/9032/,"
","
",
IDEA League Joint Master's in Applied Geophysics,RWTH Aachen University • Aachen,https://www2.daad.de/deutschland/studienangebote/international-programmes/en/detail/4623/,,,"

"
Chemistry,University of Cologne • Köln,https://www2.daad.de/deutschland/studienangebote/international-programmes/en/detail/6898/,,"
",
Molecular Biology — International Max Planck Research School (MSc/PhD),University of Göttingen • Göttingen,https://www2.daad.de/deutschland/studienangebote/international-programmes/en/detail/3672/,"





","
",
German Business Culture and International Management (MA),Hochschule für Technik und Wirtschaft Dresden – University of Applied Sciences • Dresden,https://www2.daad.de/deutschland/studienangebote/international-programmes/en/detail/6149/,"



","


","
"
M.I.N.C. – Master of International Nature Conservation (MSc),University of Göttingen • Göttingen,https://www2.daad.de/deutschland/studienangebote/international-programmes/en/detail/6082/,"



","









",
Applied Geosciences – Computational Geology and Geophysics (CGG) (MSc),RWTH Aachen University • Aachen,https://www2.daad.de/deutschland/studienangebote/international-programmes/en/detail/10388/,"








",,"
"
Double Master's Programme in Demography and Social Inequality (Master of Science),University of Cologne • Köln,https://www2.daad.de/deutschland/studienangebote/international-programmes/en/detail/5444/,"
","
",
Georesources Management (MSc),RWTH Aachen University • Aachen,https://www2.daad.de/deutschland/studienangebote/international-programmes/en/detail/10392/,"

",,"
"
Micro- and Nanoelectronics – Major of Electrical Engineering and Information Technology,RWTH Aachen University • Aachen,https://www2.daad.de/deutschland/studienangebote/international-programmes/en/detail/4811/,"



","

",
Full-Time MBA Digitalisation & Industrial Change,RWTH Aachen University • Aachen,https://www2.daad.de/deutschland/studienangebote/international-programmes/en/detail/7123/,"


","

","
"
Data Science,RWTH Aachen University • Aachen,https://www2.daad.de/deutschland/studienangebote/international-programmes/en/detail/7636/,"


",,"



"
Engineering Cybernetics MSc,University of Stuttgart • Stuttgart,https://www2.daad.de/deutschland/studienangebote/international-programmes/en/detail/10348/,,,
Master of Science Tropical Hydrogeology and Environmental Engineering (TropHEE),Technical University of Darmstadt • Darmstadt,https://www2.daad.de/deutschland/studienangebote/international-programmes/en/detail/4173/,"

",,"
"
Göttingen Master's Programme in Physics (MSc),University of Göttingen • Göttingen,https://www2.daad.de/deutschland/studienangebote/international-programmes/en/detail/4690/,"
","


","


"
International Media Studies (MA),Hochschule Bonn-Rhein-Sieg • Bonn,https://www2.daad.de/deutschland/studienangebote/international-programmes/en/detail/4047/,,"
",
Advanced Computational Methods in Civil Engineering,RWTH Aachen University • Aachen,https://www2.daad.de/deutschland/studienangebote/international-programmes/en/detail/6318/,"









","

",
Geography of Environmental Risks and Human Security,University of Bonn • Bonn,https://www2.daad.de/deutschland/studienangebote/international-programmes/en/detail/4342/,"



",,
Integrated Plant and Animal Breeding (MSc),University of Göttingen • Göttingen,https://www2.daad.de/deutschland/studienangebote/international-programmes/en/detail/5206/,"
","


",
Mathematical Physics (MSc),Universität Hamburg • Hamburg,https://www2.daad.de/deutschland/studienangebote/international-programmes/en/detail/5609/,,"
",
"MA Linguistics – Language, Communication and Cognition",University of Freiburg • Freiburg im Breisgau,https://www2.daad.de/deutschland/studienangebote/international-programmes/en/detail/8519/,,"
",
Bioeconomy,University of Hohenheim • Stuttgart,https://www2.daad.de/deutschland/studienangebote/international-programmes/en/detail/4476/,"


",,
"MSc Management and Engineering in Technology, Innovation, Marketing and Entrepreneurship (MME TIME) – part-time",RWTH Aachen University • Aachen,https://www2.daad.de/deutschland/studienangebote/international-programmes/en/detail/4875/,"


","

","
"
Computational Biology and Bioinformatics,University of Göttingen • Göttingen,https://www2.daad.de/deutschland/studienangebote/international-programmes/en/detail/8408/,"


","


","
"
Railway Systems Engineering,RWTH Aachen University • Aachen,https://www2.daad.de/deutschland/studienangebote/international-programmes/en/detail/4881/,"





","

",
Communications Engineering – Major of Electrical Engineering and Information Technology,RWTH Aachen University • Aachen,https://www2.daad.de/deutschland/studienangebote/international-programmes/en/detail/3698/,"



","

",
Master's in International Media Cultural Work (IMC),Darmstadt University of Applied Sciences • Dieburg,https://www2.daad.de/deutschland/studienangebote/international-programmes/en/detail/4678/,"



",,"

"
MSc in Business Administration,Universität Hamburg • Hamburg,https://www2.daad.de/deutschland/studienangebote/international-programmes/en/detail/10333/,"



","
",
Clean Energy Processes,FAU Erlangen-Nürnberg • Erlangen,https://www2.daad.de/deutschland/studienangebote/international-programmes/en/detail/7630/,"


","

","



"
Biochemistry,Dresden University of Technology • Dresden,https://www2.daad.de/deutschland/studienangebote/international-programmes/en/detail/6203/,,,
Materials Science,University of Stuttgart • Stuttgart,https://www2.daad.de/deutschland/studienangebote/international-programmes/en/detail/6103/,,"


",
MSc Physics,FAU Erlangen-Nürnberg • Erlangen,https://www2.daad.de/deutschland/studienangebote/international-programmes/en/detail/4311/,,,
Neurosciences — International Max Planck Research School (MSc/PhD/MD-PhD),University of Göttingen • Göttingen,https://www2.daad.de/deutschland/studienangebote/international-programmes/en/detail/3601/,"






",,
Ecumenical and Extended Ecumenical Studies,University of Bonn • Bonn,https://www2.daad.de/deutschland/studienangebote/international-programmes/en/detail/6087/,,"
","
"
MSc Pharmaceutical Biotechnology,Hamburg University of Applied Sciences • Hamburg,https://www2.daad.de/deutschland/studienangebote/international-programmes/en/detail/4027/,"





","

","



"
Master of Science in Physics,Freie Universität Berlin • Berlin,https://www2.daad.de/deutschland/studienangebote/international-programmes/en/detail/4154/,,"

","

"
MSc Chemistry,FAU Erlangen-Nürnberg • Erlangen,https://www2.daad.de/deutschland/studienangebote/international-programmes/en/detail/4405/,,,
Music Therapy (MA),SRH University • Heidelberg,https://www2.daad.de/deutschland/studienangebote/international-programmes/en/detail/4622/,,"
",
"Environmental Science – Soil, Water and Biodiversity (EnvEuro)",University of Hohenheim • Stuttgart,https://www2.daad.de/deutschland/studienangebote/international-programmes/en/detail/4564/,"


","
",
Master of Science in Chemistry,Freie Universität Berlin • Berlin,https://www2.daad.de/deutschland/studienangebote/international-programmes/en/detail/3706/,,,
Applied Geosciences – Geoengineering (GIN) (MSc),RWTH Aachen University • Aachen,https://www2.daad.de/deutschland/studienangebote/international-programmes/en/detail/10391/,"


",,"
"
Infection Biology and Control,University of Tübingen • Libreville (Gabon),https://www2.daad.de/deutschland/studienangebote/international-programmes/en/detail/8920/,"

",,
Mathematical Physics (MSc),University of Tübingen • Tübingen,https://www2.daad.de/deutschland/studienangebote/international-programmes/en/detail/4741/,,,
Iranian and Persianate Studies (MA),University of Göttingen • Göttingen,https://www2.daad.de/deutschland/studienangebote/international-programmes/en/detail/7642/,"

","



","

"
Double Master's Programme in Health Economics and Management (Master of Science),University of Cologne • Köln,https://www2.daad.de/deutschland/studienangebote/international-programmes/en/detail/5448/,"
","
",
Master of Science in International Management,Kühne Logistics University • Hamburg,https://www2.daad.de/deutschland/studienangebote/international-programmes/en/detail/4253/,"



","
",
Physics of Life,Dresden University of Technology • Dresden,https://www2.daad.de/deutschland/studienangebote/international-programmes/en/detail/3829/,"
","
",
Computational Linguistics,University of Stuttgart • Stuttgart,https://www2.daad.de/deutschland/studienangebote/international-programmes/en/detail/4239/,,"
",
Master of Science in Biochemistry,Freie Universität Berlin • Berlin,https://www2.daad.de/deutschland/studienangebote/international-programmes/en/detail/4609/,,,
Master of Arts in Transcultural Studies,Heidelberg University • Heidelberg,https://www2.daad.de/deutschland/studienangebote/international-programmes/en/detail/4273/,,"

","
"
Materials Science,Technical University of Darmstadt • Darmstadt,https://www2.daad.de/deutschland/studienangebote/international-programmes/en/detail/4808/,"

","


","




"
Master of Science in Intelligent Adaptive Systems (IAS),Universität Hamburg • Hamburg,https://www2.daad.de/deutschland/studienangebote/international-programmes/en/detail/4350/,"
","
",
Languages and Cultures of Southeast Asia,Universität Hamburg • Hamburg,https://www2.daad.de/deutschland/studienangebote/international-programmes/en/detail/8994/,"



","


",
Information and Communication Engineering,Technical University of Darmstadt • Darmstadt,https://www2.daad.de/deutschland/studienangebote/international-programmes/en/detail/3717/,"

",,
"Industrial Management in Microelectronics (IMM), MSc",Dresden International University • Dresden,https://www2.daad.de/deutschland/studienangebote/international-programmes/en/detail/6566/,,,
Master of Science in Integrated Climate System Sciences (MSc ICSS),Universität Hamburg • Hamburg,https://www2.daad.de/deutschland/studienangebote/international-programmes/en/detail/4115/,"

","

","

"
Master of Public Health (MPH),Hamburg University of Applied Sciences • Hamburg,https://www2.daad.de/deutschland/studienangebote/international-programmes/en/detail/4029/,"

",,"




"
MA E-LINGO Teaching English to Young Learners (Pre-School and Primary School),University of Education Freiburg • Freiburg im Breisgau,https://www2.daad.de/deutschland/studienangebote/international-programmes/en/detail/5385/,"
",,
International Business – Healthcare Management (MA),SRH University • Dresden,https://www2.daad.de/deutschland/studienangebote/international-programmes/en/detail/5564/,,"
","
"
Forest Sciences,University of Freiburg • Freiburg im Breisgau,https://www2.daad.de/deutschland/studienangebote/international-programmes/en/detail/3735/,"
",,
FAME-AIS Functional Advanced Materials Engineering with Artificial Intelligence for Sustainability,Technical University of Darmstadt • Darmstadt,https://www2.daad.de/deutschland/studienangebote/international-programmes/en/detail/5413/,"

","
","

"
MSc Electromobility – ACES,FAU Erlangen-Nürnberg • Erlangen,https://www2.daad.de/deutschland/studienangebote/international-programmes/en/detail/8296/,"


","




","
"
Sustainable Forest and Nature Management (SUFONAMA),University of Göttingen • Göttingen,https://www2.daad.de/deutschland/studienangebote/international-programmes/en/detail/6302/,"






","
","



"
Neural & Behavioural Sciences,University of Tübingen • Tübingen,https://www2.daad.de/deutschland/studienangebote/international-programmes/en/detail/3901/,,,
"Master of European and International Business, Competition and Regulatory Law (MBL-FU)",Freie Universität Berlin • Berlin,https://www2.daad.de/deutschland/studienangebote/international-programmes/en/detail/6880/,,,
Molecular Cell Biology,University of Bonn • Bonn,https://www2.daad.de/deutschland/studienangebote/international-programmes/en/detail/8906/,,,
"Sustainable International Agriculture (SIA), MSc",University of Göttingen • Göttingen,https://www2.daad.de/deutschland/studienangebote/international-programmes/en/detail/3673/,"


","


",
International Master's in Physical Activity and Health,FAU Erlangen-Nürnberg • Erlangen,https://www2.daad.de/deutschland/studienangebote/international-programmes/en/detail/4016/,"
","
",
Molecular Bioengineering,Dresden University of Technology • Dresden,https://www2.daad.de/deutschland/studienangebote/international-programmes/en/detail/3613/,"



","
",
Machine Learning (MSc),University of Tübingen • Tübingen,https://www2.daad.de/deutschland/studienangebote/international-programmes/en/detail/5634/,"


","
",
Semitic Studies,Freie Universität Berlin • Berlin,https://www2.daad.de/deutschland/studienangebote/international-programmes/en/detail/10486/,"




","



",
Groundwater and Global Change – Impacts and Adaptation (GroundwatCh),Dresden University of Technology • Dresden,https://www2.daad.de/deutschland/studienangebote/international-programmes/en/detail/10547/,,,
Binational Double Master's in Biomedical Sciences (IMBS),University of Freiburg • Freiburg im Breisgau,https://www2.daad.de/deutschland/studienangebote/international-programmes/en/detail/4590/,"
",,
Forest and Ecosystem Sciences (FES),University of Göttingen • Göttingen,https://www2.daad.de/deutschland/studienangebote/international-programmes/en/detail/6505/,"


","








","





"
Agricultural Economics (AgEcon),University of Hohenheim • Stuttgart,https://www2.daad.de/deutschland/studienangebote/international-programmes/en/detail/3723/,"



","
","
"
Information and Communication Technology MSc,FAU Erlangen-Nürnberg • Erlangen,https://www2.daad.de/deutschland/studienangebote/international-programmes/en/detail/6146/,,"
",
Master of Science in Computer Science,University of Freiburg • Freiburg im Breisgau,https://www2.daad.de/deutschland/studienangebote/international-programmes/en/detail/3736/,"


","
",
Social and Cultural Anthropology,University of Tübingen • Tübingen,https://www2.daad.de/deutschland/studienangebote/international-programmes/en/detail/8979/,,,
Data Science,Hamburg University of Technology • Hamburg,https://www2.daad.de/deutschland/studienangebote/international-programmes/en/detail/9040/,,,"
"
Master of Intellectual Property Law and Data Law (MIPDaL),Dresden University of Technology • Dresden,https://www2.daad.de/deutschland/studienangebote/international-programmes/en/detail/10353/,"









","












",
Double Master's Programme in Economics,University of Cologne • Köln,https://www2.daad.de/deutschland/studienangebote/international-programmes/en/detail/5442/,"




","
",
Agricultural Sciences and Resource Management in the Tropics and Subtropics (ARTS),University of Bonn • Bonn,https://www2.daad.de/deutschland/studienangebote/international-programmes/en/detail/7600/,"


","
",
International Information Systems (IIS),FAU Erlangen-Nürnberg • Nürnberg,https://www2.daad.de/deutschland/studienangebote/international-programmes/en/detail/4084/,,"


",
Master's Programme in European and International Law (MEIL),Universität Hamburg • Hamburg,https://www2.daad.de/deutschland/studienangebote/international-programmes/en/detail/3646/,,,
Data and Discourse Studies,Technical University of Darmstadt • Darmstadt,https://www2.daad.de/deutschland/studienangebote/international-programmes/en/detail/6286/,"

","
",
Master of Science in Aerospace Engineering,Technical University of Darmstadt • Darmstadt,https://www2.daad.de/deutschland/studienangebote/international-programmes/en/detail/7775/,,"

","
"
Master of Science in International Economics (MSc),University of Göttingen • Göttingen,https://www2.daad.de/deutschland/studienangebote/international-programmes/en/detail/10342/,"



","


","


"
Regenerative Biology and Medicine,Dresden University of Technology • Dresden,https://www2.daad.de/deutschland/studienangebote/international-programmes/en/detail/4272/,"
",,
Bonn-Cologne Graduate School of Physics and Astronomy: MSc in Physics (Cologne),University of Cologne • Köln,https://www2.daad.de/deutschland/studienangebote/international-programmes/en/detail/4023/,"
",,"
"
Economics and Finance (MSc),University of Tübingen • Tübingen,https://www2.daad.de/deutschland/studienangebote/international-programmes/en/detail/4372/,"



","

",
Master of Arts in Social and Cultural Anthropology,University of Cologne • Köln,https://www2.daad.de/deutschland/studienangebote/international-programmes/en/detail/9656/,"

","

","
"
Game Technologies (MSc),Hochschule Bonn-Rhein-Sieg • Sankt Augustin,https://www2.daad.de/deutschland/studienangebote/international-programmes/en/detail/10332/,"

","



","





"
Management and Engineering in Production Systems (MME-PS),RWTH Aachen University • Aachen,https://www2.daad.de/deutschland/studienangebote/international-programmes/en/detail/4362/,"
","



","

"
Logistics Management (MBA),Dresden International University • Dresden,https://www2.daad.de/deutschland/studienangebote/international-programmes/en/detail/4731/,,,
Applied Geosciences – Applied Mineralogy and Crystallography (AMC) (MSc),RWTH Aachen University • Aachen,https://www2.daad.de/deutschland/studienangebote/international-programmes/en/detail/6917/,"







",,"
"
Master of Science Molecular Medicine,FAU Erlangen-Nürnberg • Erlangen,https://www2.daad.de/deutschland/studienangebote/international-programmes/en/detail/4684/,,,
Resource Efficiency in Architecture and Planning (REAP),HafenCity University Hamburg • Hamburg,https://www2.daad.de/deutschland/studienangebote/international-programmes/en/detail/4061/,,"



","

"
Chemistry,Dresden University of Technology • Dresden,https://www2.daad.de/deutschland/studienangebote/international-programmes/en/detail/8317/,"

","




","



"
Digital Transformation Management (MSc),SRH University • Hamburg,https://www2.daad.de/deutschland/studienangebote/international-programmes/en/detail/7790/,,"
","
"
MA English Studies,FAU Erlangen-Nürnberg • Erlangen,https://www2.daad.de/deutschland/studienangebote/international-programmes/en/detail/4144/,,,"
"
Economics (MSc) with Double Degree Option with the University of Nottingham,University of Tübingen • Tübingen,https://www2.daad.de/deutschland/studienangebote/international-programmes/en/detail/4371/,"


","


",
Master of Science in Earth Sciences,University of Freiburg • Freiburg im Breisgau,https://www2.daad.de/deutschland/studienangebote/international-programmes/en/detail/4171/,,,
Information and Communication Engineering,Hamburg University of Applied Sciences • Hamburg,https://www2.daad.de/deutschland/studienangebote/international-programmes/en/detail/10447/,"



",,"




"
"Molecular Life Sciences: Microbiology, Biotechnology and Biochemistry (MSc)",University of Göttingen • Göttingen,https://www2.daad.de/deutschland/studienangebote/international-programmes/en/detail/4072/,"
","
","
"
PHYSICS International Master of Science,University of Stuttgart • Stuttgart,https://www2.daad.de/deutschland/studienangebote/international-programmes/en/detail/5213/,"


","
",
Synthetic Biology MSc,Technical University of Darmstadt • Darmstadt,https://www2.daad.de/deutschland/studienangebote/international-programmes/en/detail/8983/,"








",,
Chemistry,University of Bonn • Bonn,https://www2.daad.de/deutschland/studienangebote/international-programmes/en/detail/8325/,"
","


",
Computer Science,University of Bonn • Bonn,https://www2.daad.de/deutschland/studienangebote/international-programmes/en/detail/7606/,"

","



","
"
Animal Science,University of Hohenheim • Stuttgart,https://www2.daad.de/deutschland/studienangebote/international-programmes/en/detail/8973/,"


","

","
"
Resilient Civil Engineering (RCE),RWTH Aachen University • Aachen,https://www2.daad.de/deutschland/studienangebote/international-programmes/en/detail/8967/,"
","



","

"
Information and Communication Systems,Hamburg University of Technology • Hamburg,https://www2.daad.de/deutschland/studienangebote/international-programmes/en/detail/3747/,,,
Microelectronics and Microsystems,Hamburg University of Technology • Hamburg,https://www2.daad.de/deutschland/studienangebote/international-programmes/en/detail/3751/,,,
Physics of the Earth and Atmosphere,University of Cologne • Köln,https://www2.daad.de/deutschland/studienangebote/international-programmes/en/detail/8360/,,,"
"
Master of Science in Artificial Intelligence and Machine Learning,Technical University of Darmstadt • Darmstadt,https://www2.daad.de/deutschland/studienangebote/international-programmes/en/detail/4258/,"


",,"



"
MSc Neuroscience,University of Freiburg • Freiburg im Breisgau,https://www2.daad.de/deutschland/studienangebote/international-programmes/en/detail/6526/,,,
Master of Science in Ocean and Climate Physics (MSc),Universität Hamburg • Hamburg,https://www2.daad.de/deutschland/studienangebote/international-programmes/en/detail/4423/,,,"


"
Master of Peace Research and International Relations (MA),University of Tübingen • Tübingen,https://www2.daad.de/deutschland/studienangebote/international-programmes/en/detail/6941/,"

","
",
Tropical Forestry,Dresden University of Technology • Tharandt,https://www2.daad.de/deutschland/studienangebote/international-programmes/en/detail/3721/,"

","
",
"International Dispute Resolution, Master of Laws (LLM)",Humboldt-Universität zu Berlin • Berlin,https://www2.daad.de/deutschland/studienangebote/international-programmes/en/detail/10330/,"
","




",
Master of Arts in Social Sciences (Global Studies Programme),University of Freiburg • Freiburg im Breisgau,https://www2.daad.de/deutschland/studienangebote/international-programmes/en/detail/3733/,,"
",
Bonn-Cologne Graduate School of Physics and Astronomy: MSc in Astrophysics,University of Bonn • Bonn,https://www2.daad.de/deutschland/studienangebote/international-programmes/en/detail/3843/,"
",,"
"
Mathematics,Dresden University of Technology • Dresden,https://www2.daad.de/deutschland/studienangebote/international-programmes/en/detail/8912/,,,"
"
Applied Computer Science (MSc),University of Göttingen • Göttingen,https://www2.daad.de/deutschland/studienangebote/international-programmes/en/detail/4700/,"

","
","
"
MSc Engineering Geohazards,RWTH Aachen University • Aachen,https://www2.daad.de/deutschland/studienangebote/international-programmes/en/detail/6919/,"
",,"



"
Geodetic Engineering,University of Bonn • Bonn,https://www2.daad.de/deutschland/studienangebote/international-programmes/en/detail/7030/,"



","


","

"
